1,Je suis heureux d'être ici.
2,Comment ça va aujourd'hui?
3,Quel est ton plat préféré?
4,J'adore voyager et découvrir de nouveaux endroits.
5,Avez-vous des projets pour le week-end?
6,Quel temps fait-il aujourd'hui?
7,Je suis en train d'apprendre à programmer en Python.
8,Quel est ton film préféré?
9,Je suis impatient de commencer ce nouveau projet.
10,Quelle est ta chanson préférée?
11,Je suis ravi de vous rencontrer.
12,Quel est ton livre préféré?
13,Quel est ton sport préféré?
14,Je suis excité pour les vacances à venir.
15,Quel est ton animal préféré?
16,Je suis passionné par la technologie.
17,Quel est ton jeu vidéo préféré?
18,Je suis reconnaissant pour cette opportunité.
19,Quel est ton hobby préféré?
20,Je suis inspiré par les personnes créatives.
21,Quel est ton pays préféré?
22,Je suis heureux d'être ici.
23,Comment ça va aujourd'hui?
24,Quel est ton plat préféré?
25,J'adore voyager et découvrir de nouveaux endroits.
26,Avez-vous des projets pour le week-end?
27,Quel temps fait-il aujourd'hui?
28,Je suis en train d'apprendre à programmer en Python.
29,Quel est ton film préféré?
30,Je suis impatient de commencer ce nouveau projet.
31,Quelle est ta chanson préférée?
32,Je suis ravi de vous rencontrer.
33,Quel est ton livre préféré?
34,Quel est ton sport préféré?
35,Je suis excité pour les vacances à venir.
36,Quel est ton animal préféré?
37,Je suis passionné par la technologie.
38,Quel est ton jeu vidéo préféré?
39,Je suis reconnaissant pour cette opportunité.
40,Quel est ton hobby préféré?
41,Je suis inspiré par les personnes créatives.
42,Quel est ton pays préféré?
43,Je suis heureux d'être ici.
44,Comment ça va aujourd'hui?
45,Quel est ton plat préféré?
46,J'adore voyager et découvrir de nouveaux endroits.
47,Avez-vous des projets pour le week-end?
48,Quel temps fait-il aujourd'hui?
49,Je suis en train d'apprendre à programmer en Python.
50,Quel est ton film préféré?
51,Je suis impatient de commencer ce nouveau projet.
52,Quelle est ta chanson préférée?
53,Je suis ravi de vous rencontrer.
54,Quel est ton livre préféré?
55,Quel est ton sport préféré?
56,Je suis excité pour les vacances à venir.
57,Quel est ton animal préféré?
58,Je suis passionné par la technologie.
59,Quel est ton jeu vidéo préféré?
60,Je suis reconnaissant pour cette opportunité.
61,Quel est ton hobby préféré?
62,Je suis inspiré par les personnes créatives.
63,Quel est ton pays préféré?
64,Je suis heureux d'être ici.
65,Comment ça va aujourd'hui?
66,Quel est ton plat préféré?
67,J'adore voyager et découvrir de nouveaux endroits.
68,Avez-vous des projets pour le week-end?
69,Quel temps fait-il aujourd'hui?
70,Je suis en train d'apprendre à programmer en Python.
71,Quel est ton film préféré?
72,Je suis impatient de commencer ce nouveau projet.
73,Quelle est ta chanson préférée?
74,Je suis ravi de vous rencontrer.
75,Quel est ton livre préféré?
76,Quel est ton sport préféré?
77,Je suis excité pour les vacances à venir.
78,Quel est ton animal préféré?
79,Je suis passionné par la technologie.
80,Quel est ton jeu vidéo préféré?
81,Je suis reconnaissant pour cette opportunité.
82,Quel est ton hobby préféré?
83,Je suis inspiré par les personnes créatives.
84,Quel est ton pays préféré?
85,Je suis heureux d'être ici.
86,Comment ça va aujourd'hui?
87,Quel est ton plat préféré?
88,J'adore voyager et découvrir de nouveaux endroits.
89,Avez-vous des projets pour le week-end?
90,Quel temps fait-il aujourd'hui?
91,Je suis en train d'apprendre à programmer en Python.
92,Quel est ton film préféré?
93,Je suis impatient de commencer ce nouveau projet.
94,Quelle est ta chanson préférée?
95,Je suis ravi de vous rencontrer.
96,Quel est ton livre préféré?
97,Quel est ton sport préféré?
98,Je suis excité pour les vacances à venir.
99,Quel est ton animal préféré?
100,Je suis passionné par la technologie.
101,Quel est ton jeu vidéo préféré?
102,Je suis reconnaissant pour cette opportunité.
103,Quel est ton hobby préféré?
104,Je suis inspiré par les personnes créatives.
105,Quel est ton pays préféré?
